,2014,2015,2016,2017
sales,7051344.0,6986768.0,8008120.0,9005941.0
cogs,2176063.0,2563888.0,2856707.0,3423834.0
other_income,104543.0,49755.0,65531.0,326944.0
opex,3305857.0,4059539.0,3569766.0,4587613.0
fin_expense,34202.0,76732.0,36628.0,187251.0
fin_income,32477.0,56934.0,33855.0,16924.0
other_expense,2728.0,37452.0,6549.0,10684.0
depreciation,531909.0,448007.0,521381.0,558237.0
ebt_reported,1669452.0,845619.0,1148083.0,1138429.0
ppe,206284.0,192107.0,217827.0,281087.0
inventory,0.0,0.0,0.0,0.0
receivables,4212249.0,3779848.0,4469509.0,5423598.0
cash,683740.0,1243691.0,857211.0,2321983.0
current_assets,6879217.0,6779702.0,6407814.0,8808658.0
payables,116029.0,393791.0,128396.0,62671.0
st_debt,0.0,179253.0,202253.0,1435127.0
current_liabilities,1773398.0,1865939.0,1428790.0,2599160.0
equity,7211231.0,8808737.0,8891784.0,9513718.0
lt_liabilities,1441456.0,191212.0,139010.0,341688.0
total_assets,10426086.0,10865888.0,10459583.0,12454566.0
