ratio,year,recomputed,workbook,matches
Gross margin,2014,0.6913974130321823,0.6913974130321823,yes
Gross margin,2015,0.6330366200795561,0.6330366200795561,yes
Gross margin,2016,0.6432737021922749,0.6432737021922749,yes
Gross margin,2017,0.6198249577695435,0.6198249577695435,yes
Opex / sales,2014,0.4688265102369137,0.4688265102369137,yes
Opex / sales,2015,0.5810324602162259,0.5810324602162259,yes
Opex / sales,2016,0.4457682951803919,0.4457682951803919,yes
Opex / sales,2017,0.5093985181559595,0.5093985181559595,yes
Current ratio,2014,3.8791162502720766,3.8791162502720766,yes
Current ratio,2015,3.6333995913049675,3.6333995913049675,yes
Current ratio,2016,4.4847836281049,4.4847836281049,yes
Current ratio,2017,3.3890403053294142,3.3890403053294142,yes
Total liabilities / equity,2014,0.4458120950500684,0.44581223372264733,yes
Total liabilities / equity,2015,0.23353529569562584,0.23353529569562584,yes
Total liabilities / equity,2016,0.1763200725523697,0.176319960088999,yes
Total liabilities / equity,2017,0.30911658302253653,0.30911658302253653,yes
Receivables days,2014,218.03940993376582,0.0,NO
Receivables days,2015,197.46534019735594,197.46534019735594,yes
Receivables days,2016,203.71457782850408,203.71457782850408,yes
Receivables days,2017,219.81192970284837,219.81192970284837,yes
Payables days,2014,19.462021549927552,19.462021549927552,yes
Payables days,2015,56.060840021092964,56.060840021092964,yes
Payables days,2016,16.40509159672308,16.40509159672308,yes
Payables days,2017,6.68108179310095,6.68108179310095,yes
